,position,signal_value,close,signal_type
2025-05-25 00:00:00-04:00,0.8,0.6304772555110276,579.1099853515625,弱买入信号
